,coef0,coef1,coef2,coef3,coef4,coef5,coef6,coef7,coef8,coef9,coef10,coef11,coef12,coef13
0,4201.293383049682,700.1402201626782,288.8961810142363,207.48178511145264,82.78816244747519,334.86875859262125,785.0230267365788,1134.9518179155784,785.0230267365788,334.8687585926212,82.78816244747519,207.48178511145267,288.8961810142363,700.1402201626782
